code,actor_name,country,doctrine_code,doctrine_label,positions_5_faces,cadence_score,autonomy_score,fundingScale,last_raise,round_info,headcount,deployment_signal,key_partnerships,note,source_tier,source_text,last_updated,methodology_link
TEN-TM,"Tencore",UA,A,Mass Attritable,F1:(3,3)P|F2:(1,2)S|F4:(3,2)S,4,4,2,"$3.74M","MITS Capital · Jul 2025","215","2,000+ TerMIT units · 4 EU JVs in 2026","INSTA Group (jv) · Quantum Systems (jv) · Shark Robotics (jv) · DevDroid (partnership)","Hub UA-EU absolu. JVs FERNRIDE, INSTA, QTI Quantum, Shark.",A,"Tier A · Defense Blog, Euromaidan Press, Oboronka",2026-04-29,https://tables01.starburst.aero#methodology
DEV-TW,"DevDroid",UA,A,Mass Attritable,F1:(2,1)P|F2:(1,3)P,3,4,1,"[tc]","[tc]","[tc]","Hundreds of TW 12.7 strike UGVs UA","Tencore (partnership)","45-day frontline holding documented. Mass-attritable combat.",B,"Tier B · Calibre Defense",2026-04-29,https://tables01.starburst.aero#methodology
TEM-UG,"Temerland",UA,A,Mass Attritable,F2:(1,3)P|F3:(1,1)P,2,4,1,"[tc]","[tc]","[tc]","GNOM/Targan demining + CASEVAC UA frontline","n/a","Mine clearance + casevac specialist.",C,"Tier C · TechUkraine",2026-04-29,https://tables01.starburst.aero#methodology
ROB-IC,"Roboneers",UA,A,Mass Attritable,F1:(2,1)S|F2:(1,3)P|F4:(1,1)S,3,4,1,"[tc]","[tc]","[tc]","Ironclad UGV mass UA frontline","n/a","Combat-iterating UA pure-play.",B,"Tier B · Forbes UA",2026-04-29,https://tables01.starburst.aero#methodology
UKP-RO,"UkrPrototype",UA,A,Mass Attritable,F1:(2,1)P|F2:(1,3)P,3,4,1,"[tc]","[tc]","[tc]","Multiple UGV variants UA frontline","n/a","Diverse combat platforms iterated.",B,"Tier B · MoD Ukraine",2026-04-29,https://tables01.starburst.aero#methodology
RAT-RS,"Ratel Robotics",UA,A,Mass Attritable,F1:(2,1)P|F2:(1,3)P|F3:(1,1)S,3,4,1,"[tc]","[tc]","[tc]","Ratel S/L combat + logistics 6km UA","n/a","Anti-tank kamikaze + logistics dual capability.",B,"Tier B · Forbes, Reuters",2026-04-29,https://tables01.starburst.aero#methodology
ABR-UN,"ABRIS Design Group",UA,A,Mass Attritable,F1:(2,1)P|F2:(3,3)S|F3:(2,2)S|F4:(2,2)S,3,4,2,"$250K + xTech","US Army xTech win Mar 2026 · 10-yr G-TEAD","[tc]","UNEX UGV codified UA · US Army xTech 2026","n/a","Multi-country production UA-PL-CZ. Mountain Horse Solutions partnership US.",A,"Tier A · EDR Magazine, MoD Ukraine",2026-04-29,https://tables01.starburst.aero#methodology
ARX-GE,"ARX Robotics",DE,B,Modular Hybrid,F1:(2,2)S|F2:(2,3)S|F3:(2,1)S|F4:(2,2)P,3,3,3,"€42M cumul","Series A · 2025","~150 [tc]","6 EU armies · Combat Gereon UA · scaling 1→85/day Deutz","Quantum Systems (partnership)","JV Frontline UA + Helsing partnership Sep 2025. Hector medium-class unveiled Dec 2025.",A,"Tier A · Defense Post, Janes",2026-04-29,https://tables01.starburst.aero#methodology
RHM-MM,"Rheinmetall",DE,C,Premium AI Stack,F1:(3,2)P|F2:(3,3)P|F3:(3,3)S,3,3,5,"Listed Frankfurt","Public co. (RHM.DE)","~33,000","Mission Master SP/CXT2 · DOK-ING acquired Mar 2026 (51%)","DOK-ING (cross-face)","Hub EU consolidator. 3 markets at top (3,3) post-DOK-ING acquisition. LRMV JV with Leonardo (combat vehicles, non-UGV).",A,"Tier A · Reuters, corporate",2026-04-29,https://tables01.starburst.aero#methodology
QSY-MA,"Quantum Systems",DE,C,Premium AI Stack,F1:(2,2)P|F4:(2,2)S,3,3,5,"$618M cumul","Series C ext · Nov 2025 · €3+Bn post","~1,000","Mandrill UGV + Trinity/Vector UAS · 6+ EU armies · 3 JVs (QFI, QTI, QWI)","Tencore (jv) · ARX Robotics (partnership)","Triple unicorn. Build with Ukraine: QFI Frontline + QTI Tencore + QWI WIY.",A,"Tier A · EDR Magazine, ESUT, Munich Startup",2026-04-29,https://tables01.starburst.aero#methodology
KND-OP,"KNDS",DE,E,Logistics Specialist,F1:(3,2)P|F2:(3,2)P|F4:(1,2)S,2,2,5,"JV state-backed","KMW + Nexter merger 2015","~10,000","Optio-X20 / Ultro 600 · Italian Army RAS","n/a","KMW × Milrem THeMIS partnership + 24.9% stake Milrem (2023).",A,"Tier A · KNDS corporate, Janes",2026-04-29,https://tables01.starburst.aero#methodology
TFL-CT,"Teledyne FLIR",USA,E,Logistics Specialist,F3:(3,3)P|F4:(2,2)P,2,3,5,"Listed NYSE","Public co. (TDY)","~13,000","Centaur UGV · iRobot PackBot heritage 1999 · US Army EOD","n/a","Heritage marché historique EOD/CBRN. Sensor stack premium thermal/IR.",A,"Tier A · Teledyne FLIR corporate",2026-04-29,https://tables01.starburst.aero#methodology
GHO-V6,"Ghost Robotics",USA,B,Modular Hybrid,F2:(2,2)S|F4:(2,2)P,2,2,3,"$50M+ cumul","Series B · 2024","~150","Vision 60 quadruped · NATO patrol · Tyndall AFB","n/a","Quadruped niche perimeter/EOD/urban only.",B,"Tier B · Defense News",2026-04-29,https://tables01.starburst.aero#methodology
SWB-SW,"Swarmbotics",USA,C,Premium AI Stack,F2:(3,2)P|F4:(3,2)S,2,2,2,"$15M [tc]","Series A · 2024","~60 [tc]","Swarm UGVs · US Army trials","n/a","Swarm autonomy unique — orthogonal to single-platform autonomy.",B,"Tier B · Defense Innovation Unit",2026-04-29,https://tables01.starburst.aero#methodology
OVL-BR,"Overland AI",USA,C,Premium AI Stack,F1:(3,3)S|F4:(3,3)P,2,2,4,"$132M cumul","Series B $100M · Dec 2024","~150 [tc]","Brumby + ISV autonomy kit · US Army trials","n/a","Outlier (3,3) on F1 Logistique + F4 ISR. Most mature autonomy stack of dataset.",A,"Tier A · Crunchbase, TechCrunch",2026-04-29,https://tables01.starburst.aero#methodology
GD-MT,"General Dynamics",USA,E,Logistics Specialist,F1:(3,1)P|F2:(3,2)S|F3:(2,2)P|F4:(1,1)P,2,2,5,"Listed NYSE","Public co. (GD)","~111,000","MUTT (Multi-Utility Tactical Transport) · USMC","n/a","Heritage Prime. Combat-tested but not UA mass-deployed.",A,"Tier A · GD corporate",2026-04-29,https://tables01.starburst.aero#methodology
HOW-RM,"Howe & Howe",USA,E,Logistics Specialist,F2:(3,2)P|F4:(1,2)S|F5:(3,2)P,2,2,5,"Textron subsidiary","Acquired by Textron longstanding","[tc]","Ripsaw M5 RCV · Bayonet amphibious · US firefighting","n/a","Civil-defense (3,3) firefighting + combat dual-use.",A,"Tier A · Textron corporate",2026-04-29,https://tables01.starburst.aero#methodology
NEX-NV,"Nexter Robotics",FR,B,Modular Hybrid,F3:(2,2)P|F4:(2,2)P|F5:(3,2)S,2,2,4,"KNDS subsidiary","Part of KNDS group","[tc]","NERVA-S/LG/XX · 27 countries incl. police/SWAT/fire","n/a","Micro-UGV 3-12kg. CAMELEON-LG variant. Heritage Nexter Robotics 2012.",A,"Tier A · KNDS corporate",2026-04-29,https://tables01.starburst.aero#methodology
ARQ-DR,"Arquus",FR,E,Logistics Specialist,F1:(3,1)S|F2:(3,1)P|F3:(2,1)S|F4:(1,2)S,2,1,4,"John Cockerill subsidiary","Acquired by John Cockerill July 2024","~1,500","Drailer 750kg payload · ScarabeE recon · DGA","n/a","Renault × Arquus new compact UGV unveiled at Eurosatory 2026.",A,"Tier A · Army Recognition",2026-04-29,https://tables01.starburst.aero#methodology
SHK-CO,"Shark Robotics",FR,E,Logistics Specialist,F5:(3,3)P,1,1,1,"€10M","Move Capital · Jan 2023","~50 [tc]","Colossus firefighting BSPP Paris · Notre-Dame fire 2019 · 40 units UA SESU","Tencore (jv)","JV Tencore signed 22 Apr 2026. Civil-defense (3,3) certified EN 1846.",A,"Tier A · GICAT, Defense Blog",2026-04-29,https://tables01.starburst.aero#methodology
EXA-IG,"Exail",FR,E,Logistics Specialist,F3:(2,3)P|F4:(2,3)P,1,2,5,"Listed Euronext","SBF 120 · €2.5Bn cap (+370% 2025)","~2,000","Iguane EOD/ISR · 70+ marines · Belgian-Dutch rMCM €450M","n/a","Maritime + INS principal — terrestrial UGV via heritage decades.",A,"Tier A · Euronext, Marketscreener",2026-04-29,https://tables01.starburst.aero#methodology
ELB-MR,"Elbit Systems",IL,C,Premium AI Stack,F1:(3,2)P|F2:(3,3)P|F4:(3,2)P,3,3,5,"Listed TASE/NASDAQ","Public co. (ESLT)","~20,000","M-RCV / ROBUST · IDF + UA · $120M EU NATO contract Q4 2024","n/a","Premium combat (3,3). G-NIUS heritage shared with IAI (dissolved 2016).",A,"Tier A · TASE filings, MRFR",2026-04-29,https://tables01.starburst.aero#methodology
IAI-RB,"IAI",IL,E,Logistics Specialist,F1:(3,2)P|F2:(2,3)S|F4:(2,3)P,2,3,5,"Israel state-owned","Public sector","~15,000","REX MK II / Guardium G-NIUS heritage · IDF border ops 2008+","n/a","G-NIUS dissolved 2016, heritage Tomcar buggy chassis. RoBattle modern combat.",A,"Tier A · IAI corporate",2026-04-29,https://tables01.starburst.aero#methodology
RBT-PR,"Roboteam",IL,B,Modular Hybrid,F1:(2,2)P|F3:(2,3)P|F4:(2,2)P,2,3,2,"$62M (pre-acq.)","Acquired Ondas · Nov 2025 · ~$80M","~200 [tc]","Probot/MTGR/TIGR · 30+ countries · USMC $30M 2024","n/a","Non-VC since acquisition. Multi-mission EOD/ISR/Combat.",A,"Tier A · Ondas SEC filings",2026-04-29,https://tables01.starburst.aero#methodology
MIL-TH,"Milrem Robotics",EE,B,Modular Hybrid,F1:(3,2)P|F2:(3,3)P|F3:(2,2)S|F4:(2,2)S|F5:(2,1)S,2,3,4,"Acquired EDGE Group","EDGE 51% (UAE) Feb 2023 + KMW 24.9%","~250","THeMIS / Type-X / HAVOC · 19 customers worldwide · UAE $200M+ 2024","n/a","iMUGS-2 EDF €50M coordinator. Non-VC investable.",A,"Tier A · iMUGS docs, Shephard",2026-04-29,https://tables01.starburst.aero#methodology
INS-TM,"INSTA Group",FI,E,Logistics Specialist,F1:(2,1)S,2,1,4,"Private","Family-held","~1,300","TerMIT production via Tencore JV (Feb 2026)","Tencore (jv)","Defense electronics enabler. UGV via Tencore JV only.",A,"Tier A · INSTA corporate",2026-04-29,https://tables01.starburst.aero#methodology
DOK-MV,"DOK-ING",HR,E,Logistics Specialist,F2:(2,1)P|F3:(3,3)P|F5:(3,3)P,2,3,3,"Acquired by Rheinmetall 51%","Mar 2026 acquisition","~400","MV-4 + Komodo CBRN + Wingman armed · 80% global mine clearance","Rheinmetall (cross-face)","Heritage 1992. Civil-defense (3,3) + EOD (3,3). Acquired by Rheinmetall Mar 2026.",A,"Tier A · Reuters, DOK-ING corporate",2026-04-29,https://tables01.starburst.aero#methodology
LEO-VK,"Leonardo IDV",IT,C,Premium AI Stack,F2:(3,2)S|F3:(2,3)S,2,2,5,"Acquired by Leonardo €1.7B","Acquisition Mar 2026","~5,000 (IDV)","Viking 6x6 hybrid 750kg payload · MACE autonomy · Italian Army RAS","n/a","Post-IDV €1.7B acquisition by Leonardo. MIRA UGV heritage 2008.",A,"Tier A · Reuters, Leonardo corporate",2026-04-29,https://tables01.starburst.aero#methodology
QIN-TL,"QinetiQ",UK,B,Modular Hybrid,F1:(3,1)P|F2:(2,2)S|F3:(3,3)P,1,2,5,"Listed LSE","Public co. (QQ.L)","~9,000","Talon family Foster-Miller · Dragon Runner · EOD legacy NATO","n/a","Heritage marché historique EOD 2000. Non-VC investable.",A,"Tier A · LSE filings",2026-04-29,https://tables01.starburst.aero#methodology
MAC-GO,"MACRO-SYSTEM",PL,B,Modular Hybrid,F2:(2,2)S|F4:(2,2)P,2,1,1,"[tc]","[tc]","~50 [tc]","GOBLIN + GNOM family · Polish Armed Forces","n/a","Modular small UGV PL. Combat + ISR variants.",B,"Tier B · MACRO corporate",2026-04-29,https://tables01.starburst.aero#methodology
WIT-KU,"WITPiS",PL,B,Modular Hybrid,F1:(2,2)P|F2:(1,1)S|F4:(2,2)S,1,1,1,"State research","Sulejówek institute","[tc]","KUNA in service Polish Army Sept-Oct 2025 · paired with Raven","n/a","State research institute. Non-VC investable.",A,"Tier A · WITPiS corporate",2026-04-29,https://tables01.starburst.aero#methodology
LPP-HN,"LPP Holding",CZ,B,Modular Hybrid,F1:(2,2)P|F2:(2,2)S|F3:(2,1)S|F4:(2,2)S,2,1,2,"[tc]","2020+ holding","[tc]","Hornet UGV · IDET 2025 · CBRN variant","n/a","Czech defense holding. Multi-mission UGV.",B,"Tier B · LPP corporate",2026-04-29,https://tables01.starburst.aero#methodology
VOP-TR,"VOP CZ",CZ,B,Modular Hybrid,F1:(2,1)P|F2:(2,1)S|F4:(1,2)P,2,2,1,"State research","Czech state institute","~1,000","TAROS / UGV-PzV in service Czech Army 2025","n/a","State research institute. Non-VC investable.",A,"Tier A · VOP CZ corporate",2026-04-29,https://tables01.starburst.aero#methodology
BRA-UH,"BRASA Defence",LV,E,Logistics Specialist,F1:(2,1)P|F2:(1,2)S|F3:(1,1)S|F4:(1,1)S|F5:(2,1)S,2,1,1,"[tc]","Pre-seed [tc]","[tc]","UNHUMAN · Latvia · Arctic-tested","n/a","Multi-purpose civil-defense + crisis response.",C,"Tier C · BRASA corporate",2026-04-29,https://tables01.starburst.aero#methodology
NAT-NX,"Natrix",LV,B,Modular Hybrid,F1:(2,1)P|F4:(1,1)S,1,1,1,"[tc]","[tc]","[tc]","Natrix UGV · Latvia","n/a","Niche LV startup.",C,"Tier C · Natrix corporate",2026-04-29,https://tables01.starburst.aero#methodology
LVT-EO,"LV-TEH",LV,B,Modular Hybrid,F2:(1,2)P|F3:(1,1)P,1,1,1,"[tc]","[tc]","[tc]","Small EOD/Combat UGV · Latvia","n/a","Latvia startup 2024. Basic EOD/Combat capability.",C,"Tier C · LV-TEH corporate",2026-04-29,https://tables01.starburst.aero#methodology
SEN-AL,"SENER",ES,E,Logistics Specialist,F1:(1,1)P|F4:(2,2)S,1,1,4,"Private","Family-held","~2,500","ALANO modular UGV · FCAS/NGWS aligned","n/a","Spanish Legacy. AI navigation + secure comms.",A,"Tier A · SENER corporate",2026-04-29,https://tables01.starburst.aero#methodology
SAS-TL,"SASCorp",ES,E,Logistics Specialist,F1:(1,1)P|F5:(1,1)S,1,,1,"[tc]","Prototype phase","[tc]","Tellus / Valkyrie 6x6 amphibious · Spanish Navy Armada 2050","n/a","Heavy amphibious prototype. Civil potential.",C,"Tier C · SASCorp corporate",2026-04-29,https://tables01.starburst.aero#methodology
